{
  "LogisticRegression": {
    "accuracy": 1.0,
    "f1_weighted": 1.0,
    "precision": 1.0,
    "recall": 1.0
  },
  "RandomForest": {
    "accuracy": 1.0,
    "f1_weighted": 1.0,
    "precision": 1.0,
    "recall": 1.0
  },
  "IsolationForest": {
    "accuracy": 0.058823529411764705,
    "f1_weighted": 0.0065359477124183,
    "precision": 0.0034602076124567475,
    "recall": 0.058823529411764705
  },
  "selected": "LogisticRegression"
}